<?xml version="1.0" encoding="UTF-8"?>
<beans xmlns="http://www.springframework.org/schema/beans" xmlns:xsi="http://www.w3.org/2001/XMLSchema-instance"
	xsi:schemaLocation="http://www.springframework.org/schema/beans 
       	http://www.springframework.org/schema/beans/spring-beans-2.5.xsd">

	<description>Example job to get you started. It provides a skeleton for a typical batch application.</description>
	
	<bean id="job1" parent="simpleJob">
		<property name="steps">
			<list>
				<bean id="step1" parent="simpleStep">
					<property name="itemReader">
						<bean class="org.springframework.sample.batch.example.ExampleItemReader" />
					</property>
					<property name="itemWriter">
						<bean class="org.springframework.sample.batch.example.ExampleItemWriter" />
					</property>
				</bean>
			</list>
		</property>
	</bean>

	<bean id="simpleJob" class="org.springframework.batch.core.job.SimpleJob" abstract="true">
		<property name="jobRepository" ref="jobRepository" />
		<property name="restartable" value="true" />
	</bean>

	<bean id="simpleStep" class="org.springframework.batch.core.step.item.SimpleStepFactoryBean"
		abstract="true">
		<property name="transactionManager" ref="transactionManager" />
		<property name="jobRepository" ref="jobRepository" />
		<property name="startLimit" value="100" />
		<property name="commitInterval" value="1" />
	</bean>
	
</beans>
